{
    "loss": 0.37592729926109314,
    "accuracy": 0.8620689511299133
}